"id","visited","name","address","city","state","zip","user","location","sample","tesla_network","tesla_compatible","excluded","vehicle_type","count_level1","count_level2","count_dcfast","network"
"25514","1","Stars Recreation Center","155 Browns Valley Pkwy","Vacaville","CA","95688","laulin@ucdavis.edu","(-121.967, 38.36557","1","0","1","0","CCS","0","4","0","Non-Networked"
"25517","1","KUIC Radio - Parking Lot","500 Catherine St","Vacaville","CA","95688","bnolszewski@ucdavis.edu","(-121.9862, 38.355867","1","0","1","0","CCS","0","1","0","Non-Networked"
"27329","1","Solano Community College","4000 Suisun Valley Rd","Fairfield","CA","94534","irereyes@ucdavis.edu","(-122.123, 38.23723","1","0","1","0","CCS","0","3","0","Non-Networked"
"33545","1","Nut Tree Village","1651 E Monte Vista Ave","Vacaville","CA","95688","nibarron@ucdavis.edu","(-121.961192, 38.368755","1","0","1","0","CCS","1","1","0","Non-Networked"
"51210","1","Sheldon Town Center","8973 Grant Line Rd","Elk Grove","CA","95624","dchau@ucdavis.edu","(-121.299343, 38.431454","1","0","1","0","Tesla","0","1","0","Non-Networked"
"51933","1","ProjectGreenHome.org","314 Stanford Ave","Palo Alto","CA","94306","dchau@ucdavis.edu","(-122.147944, 37.430039","1","0","1","0","CCS","0","2","0","Non-Networked"
"70601","1","Golden Gate National Recreation Area - Fort Mason","1300-1398 Bay St","San Francisco","CA","94123","dchau@ucdavis.edu","(-122.429484, 37.803955","1","0","1","0","CCS","0","4","0","Non-Networked"
"95223","1","Anchorage Garage - 500 Beach","500 Beach Street","San Francisco","CA","94133","schakravarty@ucdavis.edu","(-122.4178309, 37.80748","1","0","1","0","CCS","0","2","0","Blink Network"
"102001","1","Holiday Inn & Suites - Tesla Supercharger","2812 Lenwood Rd.","Barstow","CA","92311","irereyes@ucdavis.edu","(-117.085459, 34.849124","1","1","1","0","Tesla","0","0","16","Tesla"
"102009","1","Rabobank Corning - Tesla Supercharger","950 Hwy 99 W","Corning","CA","96021","dchau@ucdavis.edu","(-122.1984, 39.92646","1","1","1","0","Tesla","0","0","8","Tesla"
"102046","1","Allied Clean Fuels - Tesla Supercharger","221 Devlin Rd","Napa","CA","94558","laulin@ucdavis.edu","(-122.263886, 38.235578","1","1","1","0","Tesla","0","0","12","Tesla"
"112965","1","EV Energy Inc - Tesla Destination","10417 Fair Oaks Blvd","Fair Oaks","CA","95628","irereyes@ucdavis.edu","(-121.268204, 38.643902","1","1","1","0","Tesla","0","2","0","Tesla Destination"
"113056","1","Mozambique Restaurant - Tesla Destination","1740 S Coast Hwy","Laguna Beach","CA","92651","irereyes@ucdavis.edu","(-117.771459, 33.52938","1","1","1","0","Tesla","0","2","0","Tesla Destination"
"113156","1","Reynolds Family Winery - Tesla Destination","3266 Silverado Trl","Napa","CA","94558","irereyes@ucdavis.edu","(-122.28608, 38.355633","1","1","1","0","Tesla","0","1","0","Tesla Destination"
"113158","1","Black Stallion Estate Winery - Tesla Destination","4089 Silverado Trl","Napa","CA","94558","irereyes@ucdavis.edu","(-122.290639, 38.359832","1","1","1","0","Tesla","0","3","0","Tesla Destination"
"113277","1","Taste Restaurant and Wine Bar - Tesla Destination","9402 Main St","Plymouth","CA","95669","irereyes@ucdavis.edu","(-120.847971, 38.480967","1","1","1","0","Tesla","0","2","0","Tesla Destination"
"113399","1","Sonoma Jet Center - Tesla Destination","6000 Flightline Dr","Santa Rosa","CA","95403","irereyes@ucdavis.edu","(-122.804181, 38.509445","1","1","1","0","Tesla","0","3","0","Tesla Destination"
"122391","1","Red Lion Hotel Redding - Tesla Destination","1830 Hill Top Dr","Redding","CA","96002","dchau@ucdavis.edu","(-122.35825, 40.581174","1","1","1","0","Tesla","0","3","0","Tesla Destination"
"122402","1","Old Creek Ranch Winery - Tesla Destination","10024 E Old Creek Rd","Ventura","CA","93003","irereyes@ucdavis.edu","(-119.294972, 34.39064","1","1","1","0","Tesla","0","3","0","Tesla Destination"
"148639","1","SB Animal Hospital","5188 Moorpark Ave.","San Jose","CA","95129","dchau@ucdavis.edu","(-121.9951423, 37.3094612","1","0","1","0","CCS","0","1","0","Blink Network"
"149309","1","Courtyard by Marriott Fairfield Napa Valley Area - Tesla Supercharger","1350 Holiday Lane","Fairfield","CA","94534","irereyes@ucdavis.edu","(-122.065062, 38.256618","1","1","1","0","Tesla","0","0","12","Tesla"
"150204","1","Coddingtown Mall - Tesla Supercharger","733 Coddingtown Center","Santa Rosa","CA","95401","irereyes@ucdavis.edu","(-122.730226, 38.459409","1","1","1","0","Tesla","0","0","20","Tesla"
"150221","1","Belle Mill Landing - Tesla Supercharger","82 Belle Mill Road","Red Bluff","CA","96080","dchau@ucdavis.edu","(-122.22754, 40.182245","1","1","1","0","Tesla","0","0","8","Tesla"
"151049","1","Capitola Mall","1855 41St Ave","Capitola","CA","95010","dchau@ucdavis.edu","(-121.968968, 36.977128","1","0","1","0","NACS","0","2","0","SHELL_RECHARGE"
"151067","1","Powell Street Plaza","5701-5795 Christie Ave","Emeryville","CA","94608","dchau@ucdavis.edu","(-122.294625, 37.836685","1","0","1","0","Tesla","0","2","0","SHELL_RECHARGE"
"152873","1","Hamilton Marketplace","5800 Nave Drive","Novato","CA","94947","jjbang@ucdavis.edu","(-122.53376, 38.06337","1","0","1","0","CCS","0","1","0","SHELL_RECHARGE"
"152875","1","Century Rowland Plaza","44 Rowland Way","Novato","CA","94945","jjbang@ucdavis.edu","(-122.556698, 38.094665","1","0","1","0","CCS","0","2","0","SHELL_RECHARGE"
"154772","1","RICHMOND MARINA","1207 Melville Square","Richmond","CA","94804","dchau@ucdavis.edu","(-122.347533, 37.915406","1","0","1","0","Tesla","0","1","0","ChargePoint Network"
"154798","1","The Shops at Missions Viejo - Tesla Supercharger","555 The Shops at Mission Viejo","Mission Viejo","CA","92691","irereyes@ucdavis.edu","(-117.668031, 33.557287","1","1","1","0","Tesla","0","0","10","Tesla"
"155167","1","Powell Street Plaza - Tesla Supercharger","5795 Christie Avenue","Emeryville","CA","94608","dchau@ucdavis.edu","(-122.295505, 37.837493","1","1","1","0","Tesla","0","0","12","Tesla"
"155576","1","BOA Emeryville CA4-137","4120 San Pablo Avenue","Emeryville","CA","94608","kcacastro@ucdavis.edu","(-122.27974, 37.83268","1","0","0","0","CCS","0","0","3","Electrify America"
"155990","1","Ripon Love鈥檚 Travel Stop","1553 W. Colony Rd","Ripon","CA","95366","laulin@ucdavis.edu","(-121.141703, 37.755639","1","0","0","0","CCS","0","2","2","EV Connect"
"158838","1","CONCORD TODOS SANTOS #2","2051 Salvio St","Concord","CA","94520","dchau@ucdavis.edu","(-122.036184, 37.977415","1","0","1","0","Tesla","0","2","0","ChargePoint Network"
"158864","1","DUTCH BROS DIXON 01","1115 Pitt School Rd","Dixon","CA","95620","bnolszewski@ucdavis.edu","(-121.840948, 38.455778","1","0","1","0","CCS","0","2","0","ChargePoint Network"
"159099","1","FIRE DEPT CALISTOGA","1113 Washington St","Calistoga","CA","94515","irereyes@ucdavis.edu","(-122.578235, 38.578065","1","0","1","0","CCS","0","2","0","ChargePoint Network"
"159167","1","SANTA CRUZ CNTY SHERRIF STATION","2400 Chanticleer Ave","Santa Cruz","CA","95062","dchau@ucdavis.edu","(-121.978215, 36.983934","1","0","1","0","NACS","0","2","0","ChargePoint Network"
"159171","1","STAFF OF LIFE EVSE 1","1266 Soquel Ave","Santa Cruz","CA","95062","dchau@ucdavis.edu","(-122.007959, 36.980289","1","0","1","0","NACS","0","2","0","ChargePoint Network"
"159246","1","SIMON PETALUMA VIL 2","2200 Petaluma Blvd N","Petaluma","CA","94952","nibarron@ucdavis.edu","(-122.64994, 38.257774","1","0","1","0","CCS","0","1","0","ChargePoint Network"
"159309","1","DC CORRIDOR DUNSMUIR L2","4917 Dunsmuir Ave","Dunsmuir","CA","96025","dchau@ucdavis.edu","(-122.276242, 41.223008","1","0","1","0","Tesla","0","2","0","ChargePoint Network"
"159566","1","NCOE IMOLA STATION 2","2121 Imola","Napa","CA","94559","nibarron@ucdavis.edu","(-122.256178, 38.277685","1","0","1","0","CCS","0","2","0","ChargePoint Network"
"159752","1","DC CORRIDOR TARGET L2","1280 Dana Dr","Redding","CA","96003","dchau@ucdavis.edu","(-122.348823, 40.58622","1","0","1","0","Tesla","0","2","0","ChargePoint Network"
"159902","1","MPCSD HILLVIEW 3","1100 Elder Ave","Menlo Park","CA","94025","dchau@ucdavis.edu","(-122.194359, 37.440504","1","0","1","0","CCS","0","1","0","ChargePoint Network"
"159909","1","MPCSD OAK KNOLL","1895 Oak Knoll Lane","Menlo Park","CA","94025","dchau@ucdavis.edu","(-122.191537, 37.431149","1","0","1","0","CCS","0","2","0","ChargePoint Network"
"160324","1","EV CHARGER SHARON APT. EV","2225 Sharon Rd","Menlo Park","CA","94025","dchau@ucdavis.edu","(-122.200106, 37.42772","1","0","1","0","CCS","0","2","0","ChargePoint Network"
"160350","1","ESSEX POINTE","19900-19918 Olivewood St","Cupertino","CA","95014","irereyes@ucdavis.edu","(-122.02167, 37.333125","1","0","1","0","Tesla","0","2","0","ChargePoint Network"
"160358","1","PROMETHEUS BILTMORE","10159 S Blaney Ave","Cupertino","CA","95014","irereyes@ucdavis.edu","(-122.023577, 37.320815","1","0","1","0","Tesla","0","2","0","ChargePoint Network"
"160530","1","ESSEX AGORA STATION 2","1305 S Main St","Walnut Creek","CA","94596","dchau@ucdavis.edu","(-122.059159, 37.894144","1","0","1","0","Tesla","0","2","0","ChargePoint Network"
"160573","1","EL PUEBLO EL PUEBLO INN","896 W Napa St","Sonoma","CA","95476","nibarron@ucdavis.edu","(-122.475107, 38.294057","1","0","1","0","CCS","0","2","0","ChargePoint Network"
"160584","1","CUPERTINO STATION 01","10800 Torre Ave","Cupertino","CA","95014","irereyes@ucdavis.edu","(-122.028375, 37.317727","1","0","1","0","Tesla","0","2","0","ChargePoint Network"
"160704","1","CITY OF REDWOOD PUBLIC WORKS","1400 Broadway","Redwood City","CA","94063","schakravarty@ucdavis.edu","(-122.216139, 37.487591","1","0","1","0","Tesla","0","2","0","ChargePoint Network"
"160747","1","STATION 1 IBEW LU 302","1875 Arnold Dr","Martinez","CA","94553","irereyes@ucdavis.edu","(-122.087919, 37.991846","1","0","1","0","CCS","0","2","0","ChargePoint Network"
"160759","1","EVSP WALGREENS STORE 5499","7299 Laguna Blvd","Elk Grove","CA","95758","dchau@ucdavis.edu","(-121.418617, 38.424099","1","0","1","0","Tesla","0","1","0","ChargePoint Network"
"160933","1","SDMC  AUX STN SDMC AUX STN","3901 Lone Tree Way","Antioch","CA","94509","kcacastro@ucdavis.edu","(-121.804052, 37.981732","1","0","1","0","CCS","0","2","0","ChargePoint Network"
"161056","1","DIRITO BROTHERS VW_426078_A","1450 Central Rd","Walnut Creek","CA","94596","schakravarty@ucdavis.edu","(-122.063683, 37.90744","1","0","1","0","CCS","0","2","0","ChargePoint Network"
"161172","1","WALNUT CREEK BROADWAY 5-6","1390 N Broadway","Walnut Creek","CA","94596","schakravarty@ucdavis.edu","(-122.059155, 37.899088","1","0","1","0","CCS","0","2","0","ChargePoint Network"
"161194","1","CITY OF NAPA 1539 FIRST ST","1501-1541 1st St","Napa","CA","94559","kcacastro@ucdavis.edu","(-122.289779, 38.296863","1","0","1","0","CCS","0","2","0","ChargePoint Network"
"161216","1","JOHN MUIR HLTH JMHOUTPATIENT#1","1450 Treat Blvd","Walnut Creek","CA","94597","laulin@ucdavis.edu","(-122.053001, 37.926031","1","0","1","0","CCS","0","2","0","ChargePoint Network"
"161311","1","SARATOGA CITY BIG BASIN WAY 3","14421 Big Basin Way","Saratoga","CA","95070","dchau@ucdavis.edu","(-122.033181, 37.258911","1","0","1","0","CCS","0","2","0","ChargePoint Network"
"164166","1","El Cerrito Plaza - Tesla Supercharger","280 El Cerrito Plaza","El Cerrito","CA","94530","dchau@ucdavis.edu","(-122.300672, 37.898635","1","1","1","0","Tesla","0","0","14","Tesla"
"164871","1","Safeway 0739 - San Francisco, CA","3350 Mission Street","San Francisco","CA","94110","schakravarty@ucdavis.edu","(-122.42203, 37.74291","1","0","0","0","CCS","0","1","3","Electrify America"
"165184","1","Safeway 0985 - San Francisco, CA","2350 Noriega St.","San Francisco","CA","94122","jjbang@ucdavis.edu","(-122.48867, 37.75397","1","0","0","0","CCS","0","0","4","Electrify America"
"168851","1","Holiday Inn Express & Suites Redding - Tesla Destination","2240 Hilltop Dr","Redding","CA","96002","dchau@ucdavis.edu","(-122.359431, 40.574854","1","1","1","0","Tesla","0","2","0","Tesla Destination"
"168978","1","Napa Jet Center - Tesla Destination","2030 Airport Rd","Napa","CA","94558","dchau@ucdavis.edu","(-122.272842, 38.217315","1","1","1","0","Tesla","0","1","0","Tesla Destination"
"168979","1","Napa Valley Country Club - Tesla Destination","3385 Hagen Road","Napa","CA","94558","irereyes@ucdavis.edu","(-122.241068, 38.318338","1","1","1","0","Tesla","0","3","0","Tesla Destination"
"169090","1","Saticoy Country Club - Tesla Destination","4450 N Clubhouse Dr","Somis","CA","93066","irereyes@ucdavis.edu","(-119.107579, 34.272415","1","1","1","0","Tesla","0","1","0","Tesla Destination"
"169172","1","The Current Living - Tesla Destination","707 East Ocean Boulevard","Long Beach","CA","90802","irereyes@ucdavis.edu","(-118.183706, 33.766268","1","1","1","0","Tesla","0","2","0","Tesla Destination"
"170205","1","Safeway 0788 (Mill Valley, CA)","1 Camino Alto","Mill Valley","CA","94941","schakravarty@ucdavis.edu","(-122.53033, 37.89389","1","0","0","0","CCS","0","1","3","Electrify America"
"171436","1","CITY OF NAPA COOMBS 3","901 Coombs St","Napa","CA","94559","irereyes@ucdavis.edu","(-122.286651, 38.298002","1","0","1","0","CCS","0","1","0","ChargePoint Network"
"175163","1","DC CORRIDOR LAKEHEAD BB L2","20725 Lakeshore Dr","Lakehead-Lakeshore","CA","96051","dchau@ucdavis.edu","(-122.385166, 40.886386","1","0","1","0","Tesla","0","2","0","ChargePoint Network"
"175873","1","CITYOFBRENTWOOD STATION #9","100 City Park Way","Brentwood","CA","94513","nibarron@ucdavis.edu","(-121.693353, 37.934687","1","0","1","0","CCS","0","1","0","ChargePoint Network"
"175878","1","CITYOFBRENTWOOD STATION #2","100 City Park Way","Brentwood","CA","94513","laulin@ucdavis.edu","(-121.693488, 37.93472","1","0","1","0","CCS","0","1","0","ChargePoint Network"
"175962","1","GARAGE CENTERGARAGE 2D","2025 Center St","Berkeley","CA","94704","dchau@ucdavis.edu","(-122.269908, 37.870532","1","0","1","0","Tesla","0","2","0","ChargePoint Network"
"176222","1","CITY OF BENICIA CITY HALL 03","250 E L St","Benicia","CA","94510","nibarron@ucdavis.edu","(-122.152959, 38.051928","1","0","1","0","CCS","0","1","0","ChargePoint Network"
"177092","1","DC CORRIDOR COMFORT INN L2","1844 Shastina Dr","Weed","CA","96094","dchau@ucdavis.edu","(-122.379937, 41.399424","1","0","1","0","Tesla","0","2","0","ChargePoint Network"
"177601","1","NCOE IMOLA STATION 3","2121 Imola Ave","Napa","CA","94559","laulin@ucdavis.edu","(-122.256087, 38.278262","1","0","1","0","CCS","0","1","0","ChargePoint Network"
"178114","1","EV CHARGE ZUMWALT 002 NGW","1501 Mendocino Ave","Santa Rosa","CA","95401","irereyes@ucdavis.edu","(-122.718181, 38.454513","1","0","1","0","CCS","0","2","0","ChargePoint Network"
"178134","1","MPCSD HILLVIEW 2","1100 Elder Ave","Menlo Park","CA","94025","dchau@ucdavis.edu","(-122.195782, 37.440512","1","0","1","0","CCS","0","1","0","ChargePoint Network"
"178135","1","MPCSD HILLVIEW 1","1100 Elder Ave","Menlo Park","CA","94025","dchau@ucdavis.edu","(-122.195155, 37.440934","1","0","1","0","CCS","0","2","0","ChargePoint Network"
"179116","1","ESSEX AGORA STATION 1","1305 S Main St","Walnut Creek","CA","94596","dchau@ucdavis.edu","(-122.059119, 37.894153","1","0","1","0","Tesla","0","2","0","ChargePoint Network"
"179177","1","CUPERTINO STATION 02","10800 Torre Ave","Cupertino","CA","95014","irereyes@ucdavis.edu","(-122.028373, 37.317782","1","0","1","0","Tesla","0","2","0","ChargePoint Network"
"179462","1","CITYOF PETALUMA COMMUNITYCTR 2","320 N McDowell Blvd","Petaluma","CA","94954","schakravarty@ucdavis.edu","(-122.630686, 38.252524","1","0","1","0","CCS","0","2","0","ChargePoint Network"
"179608","1","WALNUT CREEK BROADWAY 7-8","1390 N Broadway","Walnut Creek","CA","94596","nibarron@ucdavis.edu","(-122.059134, 37.899114","1","0","1","0","CCS","0","2","0","ChargePoint Network"
"181111","1","YREKA TRUCK STATION #2","787 Montague Rd","Yreka","CA","96097","dchau@ucdavis.edu","(-122.623542, 41.737487","1","0","1","0","Tesla","0","2","0","ChargePoint Network"
"181880","1","DC CORRIDOR NUGGET DC2","130 Browns Valley Pkwy","Vacaville","CA","95688","laulin@ucdavis.edu","(-121.96797, 38.364793","1","0","0","0","CCS","0","0","1","ChargePoint Network"
"182285","1","CITY OF NAPA COOMBS 2","901 Coombs St","Napa","CA","94559","nibarron@ucdavis.edu","(-122.286633, 38.297962","1","0","1","0","CCS","0","2","0","ChargePoint Network"
"182286","1","CITY OF NAPA COOMBS 1","901 Coombs St","Napa","CA","94559","schakravarty@ucdavis.edu","(-122.286582, 38.297921","1","0","1","0","CCS","0","2","0","ChargePoint Network"
"182354","1","MERITAGE1 MERITAGERESORT1","875 Bordeaux Way","Napa","CA","94558","kcacastro@ucdavis.edu","(-122.273825, 38.246222","1","0","1","0","CCS","0","2","0","ChargePoint Network"
"182384","1","PROMETHEUS STATION P-2","20350 Stevens Creek Blvd Level P-2","Cupertino","CA","95014","irereyes@ucdavis.edu","(-122.029404, 37.321828","1","0","1","0","Tesla","0","2","0","ChargePoint Network"
"183313","1","ACAM1 ACAM-CP1","360 Devlin Rd","Napa","CA","94558","irereyes@ucdavis.edu","(-122.259026, 38.230022","1","0","1","0","CCS","0","2","0","ChargePoint Network"
"184090","1","Westmont High School","4805 Westmont Ave","San Jose","CA","95008","dchau@ucdavis.edu","(-121.9879034, 37.2708793","1","0","1","0","CCS","0","34","0","POWERFLEX"
"184882","1","WALNUT CREEK WIGET 3-4","111 North Wiget Ln","Walnut Creek","CA","94598","irereyes@ucdavis.edu","(-122.0249, 37.924942","1","0","1","0","CCS","0","2","0","ChargePoint Network"
"185255","1","MOTEL6 LODI CA MOTEL 6 LODI 1","1140 S Cherokee Ln","Lodi","CA","95240","dchau@ucdavis.edu","(-121.258046, 38.119602","1","0","1","0","CCS","0","2","0","ChargePoint Network"
"185583","1","Safeway 0928 - Pleasant Hill, CA","600 Patterson Blvd.","Pleasant Hill","CA","94523","schakravarty@ucdavis.edu","(-122.07315, 37.93447","1","0","0","0","CCS","0","1","3","Electrify America"
"185590","1","Bryant Street Parking Garage","445 Bryant St","Palo Alto","CA","94301","dchau@ucdavis.edu","(-122.162067, 37.44662","1","0","1","0","CCS","0","6","0","POWERFLEX"
"190504","1","Yreka, CA - Tesla Supercharger","1808 Fort Jones Road","Yreka","CA","96097","dchau@ucdavis.edu","(-122.645088, 41.701531","1","1","1","0","Tesla","0","0","12","Tesla"
"191360","1","STANFORD OAK ROAD #1","484 Oak Rd","Stanford","CA","94305","dchau@ucdavis.edu","(-122.184476, 37.429259","1","0","1","0","CCS","0","1","0","ChargePoint Network"
"191699","1","Shell Gas - Tesla Supercharger","10565 Copus Road","Bakersfield","CA","93313","irereyes@ucdavis.edu","(-119.040045, 35.094616","1","1","1","0","Tesla","0","0","20","Tesla"
"193594","1","PELL REDWOOD 1","504 Redwood Blvd","Novato","CA","94947","jjbang@ucdavis.edu","(-122.542206, 38.073433","1","0","1","0","CCS","0","2","0","ChargePoint Network"
"194068","1","Circle K - Tesla Supercharger","30515 Temecula Parkway","Temecula","CA","92592","irereyes@ucdavis.edu","(-117.12932, 33.475149","1","1","1","0","Tesla","0","0","8","Tesla"
"194075","1","The Shoppes at Chino Hills - Tesla Supercharger","13920 City Center Drive","Chino Hills","CA","91709","irereyes@ucdavis.edu","(-117.731178, 34.002241","1","1","1","0","Tesla","0","0","16","Tesla"
"194090","1","Creekside Marketplace - Tesla Supercharger","563 Grand Avenue","San Marcos","CA","92069","irereyes@ucdavis.edu","(-117.175992, 33.136529","1","1","1","0","Tesla","0","0","20","Tesla"
"195224","1","Milpitas City Hall","455 E. Calaveras Blvd.","Milpitas","CA","95035","dchau@ucdavis.edu","(-121.8990844, 37.4329175","1","0","1","0","CCS","0","2","0","Blink Network"
"197112","1","CITY OF NOVATO HAMILTON","Hamilton Theatre Parking Lot","Novato","CA","94949","jjbang@ucdavis.edu","(-122.51858, 38.056732","1","0","1","0","CCS","0","2","0","ChargePoint Network"
"197172","1","ALTABATESSUMMIT ASHBY GRG EV6","2420 Ashby Ave ASHBY GARAGE","Berkeley","CA","94705","dchau@ucdavis.edu","(-122.258484, 37.855858","1","0","1","0","Tesla","0","2","0","ChargePoint Network"
"197173","1","ALTABATESSUMMIT ASHBY GRG EV3","2420 Ashby Ave ASHBY GARAGE","Berkeley","CA","94705","dchau@ucdavis.edu","(-122.258515, 37.855967","1","0","1","0","Tesla","0","2","0","ChargePoint Network"
"197174","1","ALTABATESSUMMIT ASHBY GRG EV5","2420 Ashby Ave ASHBY GARAGE","Berkeley","CA","94705","dchau@ucdavis.edu","(-122.25847, 37.855787","1","0","1","0","Tesla","0","2","0","ChargePoint Network"
"197175","1","ALTABATESSUMMIT ASHBY GRG EV2","2420 Ashby Ave ASHBY GARAGE","Berkeley","CA","94705","dchau@ucdavis.edu","(-122.258563, 37.856127","1","0","1","0","Tesla","0","1","0","ChargePoint Network"
"197183","1","ALTABATESSUMMIT ASHBY GRG EV1","2420 Ashby Ave ASHBY GARAGE","Berkeley","CA","94705","dchau@ucdavis.edu","(-122.25856, 37.856045","1","0","1","0","Tesla","0","2","0","ChargePoint Network"
"197693","1","DC CORRIDOR CARL'S JR. L2","1842 Fort Jones Rd","Yreka","CA","96097","dchau@ucdavis.edu","(-122.645181, 41.702355","1","0","1","0","Tesla","0","2","0","ChargePoint Network"
"199280","1","HOSPITAL MMCMS SO PARK 1","830 Pine St","Mount Shasta","CA","96067","dchau@ucdavis.edu","(-122.320668, 41.31813","1","0","1","0","Tesla","0","2","0","ChargePoint Network"
"199283","1","HOSPITAL MMCMS SO PARK 2","914 Pine St","Mount Shasta","CA","96067","dchau@ucdavis.edu","(-122.321199, 41.318661","1","0","1","0","Tesla","0","2","0","ChargePoint Network"
"199299","1","HOSPITAL SMMC SF EV 03","450 Stanyan St","San Francisco","CA","94117","dchau@ucdavis.edu","(-122.453587, 37.774158","1","0","1","0","CCS","0","2","0","ChargePoint Network"
"199311","1","HOSPITAL SECH EV 01","2455 Sister Mary Columba Dr","Red Bluff","CA","96080","dchau@ucdavis.edu","(-122.220444, 40.148333","1","0","1","0","Tesla","0","2","0","ChargePoint Network"
"199333","1","HOSPITAL SECH EV 02","2455 Sister Mary Columba Dr","Red Bluff","CA","96080","dchau@ucdavis.edu","(-122.220412, 40.148296","1","0","1","0","Tesla","0","2","0","ChargePoint Network"
"201166","1","SANDPIPER EVC SANDPIPER 1","999 Marshall Rd","Vacaville","CA","95687","jjbang@ucdavis.edu","(-121.9758, 38.344955","1","0","1","0","CCS","0","2","0","ChargePoint Network"
"201233","1","DC CORRIDOR CLOVERDALE DC2","1139 S Cloverdale Blvd","Cloverdale","CA","95425","laulin@ucdavis.edu","(-123.013309, 38.784669","1","0","0","0","CCS","0","0","1","ChargePoint Network"
"202640","1","Foothill High School","9733 Deschutes Rd","Palo Cedro","CA","96073","dchau@ucdavis.edu","(-122.234671, 40.568975","1","0","1","0","Tesla","0","4","0","EV Connect"
"204492","1","LODI, CA EV LODI FINANCE","310 W Elm St","Lodi","CA","95240","dchau@ucdavis.edu","(-121.277214, 38.135166","1","0","1","0","CCS","0","2","0","ChargePoint Network"
"204665","1","ESSEX 420 STATION","420 Station Park Cir","San Mateo","CA","94402","dchau@ucdavis.edu","(-122.308063, 37.554888","1","0","1","0","CCS","0","2","0","ChargePoint Network"
"204953","1","FEATHER RIVER FEATHER RIVER","4512 Feather River Dr","Stockton","CA","95219","dchau@ucdavis.edu","(-121.34702, 37.982952","1","0","1","0","CCS","0","2","0","ChargePoint Network"
"205277","1","Topline Milpitas Square (Milpitas, CA)","320 Barber Ct","Milpitas","CA","95035","dchau@ucdavis.edu","(-121.91823, 37.4229","1","0","0","0","CCS","0","0","4","Electrify America"
"205609","1","UOP CHARGERS LOT 10","797 Brookside Rd","Stockton","CA","95207","dchau@ucdavis.edu","(-121.313063, 37.984316","1","0","1","0","CCS","0","2","0","ChargePoint Network"
"206492","1","CUPERTINO ADA STATION 2","10800 Torre Ave","Cupertino","CA","95014","irereyes@ucdavis.edu","(-122.028379, 37.317671","1","0","1","0","Tesla","0","1","0","ChargePoint Network"
"206493","1","CUPERTINO ADA STATION 1","10800 Torre Ave","Cupertino","CA","95014","irereyes@ucdavis.edu","(-122.028379, 37.317649","1","0","1","0","Tesla","0","1","0","ChargePoint Network"
"206612","1","Union Square Marketplace - Tesla Supercharger","34536  Alvarado-Niles Road","Union City","CA","94587","dchau@ucdavis.edu","(-122.02045, 37.587162","1","1","1","0","Tesla","0","0","12","Tesla"
"206904","1","SAN CARLOS STATION 1","657 walnut street","San Carlos","CA","94070","dchau@ucdavis.edu","(-122.26097, 37.505978","1","0","1","0","CCS","0","1","0","ChargePoint Network"
"206905","1","SAN CARLOS STATION 2","657 walnut street","San Carlos","CA","94070","dchau@ucdavis.edu","(-122.261275, 37.50573","1","0","1","0","CCS","0","1","0","ChargePoint Network"
"215015","1","DC CORRIDOR LODI SHELL DC2","6437 Thornton Rd","Lodi","CA","95242","dchau@ucdavis.edu","(-121.39468, 38.115037","1","0","0","0","CCS","0","0","1","ChargePoint Network"
"217096","1","Holiday Market - Tesla Supercharger","20635  Gas Point Road","Cottonwood","CA","96022","dchau@ucdavis.edu","(-122.288043, 40.389124","1","1","1","0","Tesla","0","0","12","Tesla"
"218609","1","Shell","14385 Wonderland Blvd","Redding","CA","96003","dchau@ucdavis.edu","(-122.3380304, 40.7068881","1","0","1","0","Tesla","0","1","0","Non-Networked"
"220936","1","MDP CHARGER CHARGER 1","2175 N California Blvd","Walnut Creek","CA","94596","irereyes@ucdavis.edu","(-122.066261, 37.908772","1","0","1","0","CCS","0","2","0","ChargePoint Network"
"221242","1","Barbara Lee Senior Center","40 N Milpitas Blvd","Milpitas","CA","95035","dchau@ucdavis.edu","(-121.8992168, 37.4337395","1","0","1","0","CCS","0","4","0","Blink Network"
"222489","1","Healdsburg","33 Healdsburg Ave","Healdsburg","CA","95448","irereyes@ucdavis.edu","(-122.864024, 38.603153","1","0","0","0","CCS","0","2","2","SHELL_RECHARGE"
"224402","1","CITY OF SONOMA CITYSONOMA_2","152 E Napa St","Sonoma","CA","95476","nibarron@ucdavis.edu","(-122.455455, 38.29211","1","0","1","0","CCS","0","1","0","ChargePoint Network"
"224445","1","St Jorge Winery","22769 Bender Rd","Acampo","CA","95220","dchau@ucdavis.edu","(-121.317527, 38.191459","1","0","1","0","CCS","0","1","0","Blink Network"
"225671","1","TUSD - BOHN BOHN ELEM 2","350 E Mt Diablo Ave","Tracy","CA","95376","kcacastro@ucdavis.edu","(-121.42068, 37.72891","1","0","1","0","CCS","0","2","0","ChargePoint Network"
"226533","1","Countryside Plaza - Tesla Supercharger","1680 Countryside Drive","Turlock","CA","95380","mpfavetti@ucdavis.edu","(-120.8761, 37.50877","1","1","1","0","NACS","0","0","16","Tesla"
"227364","1","TUSD MONTEVISTA MONTE VISTA MS3","751 W Lowell Ave","Tracy","CA","95376","dchau@ucdavis.edu","(-121.436724, 37.748575","1","0","1","0","CCS","0","1","0","ChargePoint Network"
"227699","1","Solano 80 Shopping Center - Tesla Supercharger","2155  Solano Avenue","Vallejo","CA","94590","irereyes@ucdavis.edu","(-122.230355, 38.104548","1","1","1","0","Tesla","0","0","20","Tesla"
"227708","1","Power Market - Tesla Supercharger","192 Lathrop Road","Lathrop","CA","95330","dchau@ucdavis.edu","(-121.285962, 37.82615","1","1","1","0","Tesla","0","0","11","Tesla"
"228352","1","Grocery Outlet","1180 N Fair Oaks Ave","Sunnyvale","CA","94089","dchau@ucdavis.edu","(-122.00968, 37.40345","1","0","0","0","CCS","0","0","2","eVgo Network"
"228401","1","Lucky San Francisco #756","1750 Fulton St","San Francisco","CA","94117","jjbang@ucdavis.edu","(-122.44565, 37.77604","1","0","0","0","CCS","0","0","2","eVgo Network"
"228416","1","San Carlos Library","610 Elm St","San Carlos","CA","94070","dchau@ucdavis.edu","(-122.2618505, 37.5036","1","0","0","0","CCS","0","1","2","eVgo Network"
"228644","1","Mechanics Bank","201 41st Street","Richmond","CA","94805","schakravarty@ucdavis.edu","(-122.330486, 37.933079","1","0","0","0","CCS","0","0","4","eVgo Network"
"229092","1","Redhill Shopping Village - Tesla Supercharger","14521 Red Hill Avenue","Tustin","CA","92780","irereyes@ucdavis.edu","(-117.822, 33.727827","1","1","1","0","Tesla","0","0","12","Tesla"
"229501","1","LODI, CA EV CITY HALL 2","221 W Pine St","Lodi","CA","95240","laulin@ucdavis.edu","(-121.2755, 38.13473","1","0","1","0","CCS","0","2","0","ChargePoint Network"
"230759","1","Nob Hill Campbell #606","1602 W Campbell Ave","Campbell","CA","95008","dchau@ucdavis.edu","(-121.9783434, 37.285859","1","0","0","0","NACS","0","0","4","eVgo Network"
"231788","1","CA ST PARKING A2CF","1451 California St","Redding","CA","96001","dchau@ucdavis.edu","(-122.391784, 40.584621","1","0","1","0","Tesla","0","2","0","ChargePoint Network"
"231789","1","CA ST PARKING A362","1451 California St","Redding","CA","96001","dchau@ucdavis.edu","(-122.391783, 40.584594","1","0","1","0","Tesla","0","2","0","ChargePoint Network"
"231790","1","CA ST PARKING A37B","1451 California St","Redding","CA","96001","dchau@ucdavis.edu","(-122.391793, 40.584612","1","0","1","0","Tesla","0","2","0","ChargePoint Network"
"231791","1","CA ST PARKING A35C","1451 California St","Redding","CA","96001","dchau@ucdavis.edu","(-122.391777, 40.584607","1","0","1","0","Tesla","0","2","0","ChargePoint Network"
"231792","1","CA ST PARKING B105","1451 California St","Redding","CA","96001","dchau@ucdavis.edu","(-122.391797, 40.584596","1","0","1","0","Tesla","0","2","0","ChargePoint Network"
"231793","1","CA ST PARKING B107","1451 California St","Redding","CA","96001","dchau@ucdavis.edu","(-122.391784, 40.584611","1","0","1","0","Tesla","0","2","0","ChargePoint Network"
"231794","1","CA ST PARKING B0D1","1451 California St","Redding","CA","96001","dchau@ucdavis.edu","(-122.391791, 40.584604","1","0","1","0","Tesla","0","2","0","ChargePoint Network"
"231795","1","CA ST PARKING B0D6","1451 California St","Redding","CA","96001","dchau@ucdavis.edu","(-122.391768, 40.584605","1","0","1","0","Tesla","0","2","0","ChargePoint Network"
"231796","1","CA ST PARKING A51F","1451 California St","Redding","CA","96001","dchau@ucdavis.edu","(-122.391773, 40.584616","1","0","1","0","Tesla","0","2","0","ChargePoint Network"
"231797","1","CA ST PARKING B0D2","1451 California St","Redding","CA","96001","dchau@ucdavis.edu","(-122.391773, 40.584595","1","0","1","0","Tesla","0","2","0","ChargePoint Network"
"233172","1","BOA CA3-107 (Milpitas, CA)","740 E Calaveras Blvd","Milpitas","CA","95035","dchau@ucdavis.edu","(-121.89388, 37.43313","1","0","0","0","CCS","0","0","4","Electrify America"
"233286","1","HANGAR BUILDING STATION 1","262 Mt Hermon Rd","Scotts Valley","CA","95066","dchau@ucdavis.edu","(-122.03026, 37.04791","1","0","1","0","NACS","0","2","0","ChargePoint Network"
"234619","1","ESSEX 420-G1","420 Station Park Cir","San Mateo","CA","94402","dchau@ucdavis.edu","(-122.307602, 37.555253","1","0","1","0","CCS","0","2","0","ChargePoint Network"
"235073","1","SJVAPCD MODESTO 3","4800 Enterprise Way","Modesto","CA","95356","laulin@ucdavis.edu","(-121.07161, 37.707706","1","0","1","0","CCS","0","2","0","ChargePoint Network"
"235074","1","SJVAPCD MODESTO 2","4800 Enterprise Way","Modesto","CA","95356","dchau@ucdavis.edu","(-121.071497, 37.707698","1","0","1","0","CCS","0","2","0","ChargePoint Network"
"235943","1","ORCHARDS1 STATION 2","2800 Ygnacio Valley Rd","Walnut Creek","CA","94598","irereyes@ucdavis.edu","(-122.017843, 37.927579","1","0","1","0","CCS","0","2","0","ChargePoint Network"
"236071","1","Marina Shopping Center","3201 W Benjamin Holt Dr","Stockton","CA","95219","nibarron@ucdavis.edu","(-121.356408, 38.006149","1","0","0","0","CCS","0","10","4","EVCS"
"236733","1","ANTON NOMA STATION 9","1910 N Main St","Walnut Creek","CA","94596","laulin@ucdavis.edu","(-122.063509, 37.905193","1","0","1","0","CCS","0","1","0","ChargePoint Network"
"237624","1","Laguna Promenade - Tesla Supercharger","7119  Elk Grove Boulevard","Elk Grove","CA","95758","dchau@ucdavis.edu","(-121.418091, 38.409915","1","1","1","0","Tesla","0","0","12","Tesla"
"237656","1","Burger King - Tesla Supercharger","30038 Road 8","Dunnigan","CA","95937","dchau@ucdavis.edu","(-121.951531, 38.862885","1","1","1","0","Tesla","0","0","8","Tesla"
"238571","1","Lake Elsinore City Center - Tesla Supercharger","31500 Grape Street","Lake Elsinore","CA","92532","irereyes@ucdavis.edu","(-117.294529, 33.659471","1","1","1","0","Tesla","0","0","16","Tesla"
"238581","1","FLIGHT at Tustin Legacy - Tesla Supercharger","1705 Flight Way","Tustin","CA","92782","irereyes@ucdavis.edu","(-117.83705, 33.70424","1","1","1","0","Tesla","0","0","7","Tesla"
"251260","1","SCIF - Redding","2125 Shasta View Dr","Redding","CA","96003","dchau@ucdavis.edu","(-122.3231417, 40.57493048","1","0","1","0","Tesla","0","10","0","AMPUP"
"253763","1","Whole Foods Market - Tesla Supercharger","340 3rd Street","San Rafael","CA","94901","irereyes@ucdavis.edu","(-122.517435, 37.971118","1","1","1","0","Tesla","0","0","8","Tesla"
"253765","1","Chevron - Tesla Supercharger","5416  Lindhurst Ave","Marysville","CA","95901","laulin@ucdavis.edu","(-121.556525, 39.111127","1","1","1","0","NACS","0","0","8","Tesla"
"255506","1","CHICK-FIL-A MTC CHICK-FIL-A (L)","759 E Calaveras Blvd","Milpitas","CA","95035","dchau@ucdavis.edu","(-121.894196, 37.433849","1","0","1","0","CCS","0","1","0","ChargePoint Network"
"256050","1","Woodcreek Plaza - Tesla Supercharger","3001  Travis Boulevard","Fairfield","CA","94534","dchau@ucdavis.edu","(-122.065423, 38.257563","1","1","1","0","Tesla","0","0","12","Tesla"
"256136","1","Wienerschnitzel 874","2500 West A street","Dixon","CA","95620","bnolszewski@ucdavis.edu","(-121.8533875, 38.4461871","1","0","1","0","CCS","0","2","0","Blink Network"
"256279","1","BFF FRONT LOT","2399 Auto Mall Pkwy","Fairfield","CA","94533","laulin@ucdavis.edu","(-122.076269, 38.246158","1","0","1","0","CCS","0","2","0","ChargePoint Network"
"256304","1","RH3C+J3 Marina District (US-7MK-ZS3-3)","RH3C+J3 Marina District","San Francisco","CA","94109","dchau@ucdavis.edu","(-122.42974, 37.804152","1","0","1","0","CCS","0","1","0","RIVIAN_WAYPOINTS"
"257386","1","Raley's Fairfield Travis","3001 Travis Blvd","Fairfield","CA","94534","irereyes@ucdavis.edu","(-122.065411, 38.257326","1","0","0","0","CCS","0","0","6","eVgo Network"
"261456","1","Pioneer Market - Tesla Supercharger","5034  Coakley Circle","Mariposa","CA","95338","mpfavetti@ucdavis.edu","(-119.972309, 37.489134","1","1","1","0","NACS","0","0","12","Tesla"
"261473","1","Yermo, CA - Sunrise Canyon Road - Tesla Supercharger","40865 Sunrise Canyon Road","Yermo","CA","92398","irereyes@ucdavis.edu","(-116.769199, 34.919649","1","1","1","0","Tesla","0","0","40","Tesla"
"261498","1","ANTON NOMA STATION 3&4","1910 N Main St","Walnut Creek","CA","94596","jjbang@ucdavis.edu","(-122.063455, 37.905184","1","0","1","0","CCS","0","2","0","ChargePoint Network"
"261710","1","SUTTER HEALTH SMP VALLEJO 3","100 Hospital Dr","Vallejo","CA","94589","dchau@ucdavis.edu","(-122.240517, 38.131375","1","0","1","0","Tesla","0","2","0","ChargePoint Network"
"262348","1","Pine Creek Shopping Center - Tesla Supercharger","692 Freeman Lane","Grass Valley","CA","95949","laulin@ucdavis.edu","(-121.064307, 39.199767","1","1","1","0","NACS","0","0","12","Tesla"
"262349","1","Home Ranch - Tesla Supercharger","18601-18659 Yorba Linda Blvd","Yorba Linda","CA","92886","irereyes@ucdavis.edu","(-117.808147, 33.889198","1","1","1","0","Tesla","0","0","8","Tesla"
"302669","1","Adventist Health Clear Lake","15631 18th Ave","Clearlake","CA","95422","laulin@ucdavis.edu","(-122.6200888, 38.93490018","1","0","1","0","CCS","0","3","0","Non-Networked"
"303615","1","STA - Fairfield - Allan Witt Community Park","1741 W Texas Street","Fairfield","CA","94533","eeboyd@ucdavis.edu","(-122.0620782, 38.2484892","1","0","0","0","CCS","0","0","8","EVCS"
"306847","1","Modesto, CA - Joyce Avenue - Tesla Supercharger","1212 Joyce Ave","Modesto","CA","95351","mpfavetti@ucdavis.edu","(-120.976539, 37.610088","1","1","1","0","NACS","0","0","8","Tesla"
"307830","1","The Workz Mojave - Tesla Supercharger","16862 CA-14","Mojave","CA","93501","irereyes@ucdavis.edu","(-118.176193, 35.067164","1","1","1","0","Tesla","0","0","12","Tesla"
"308589","1","CENTER OF HOPE COH UNIT C","1201 Industrial St","Redding","CA","96002","dchau@ucdavis.edu","(-122.350202, 40.574037","1","0","1","0","Tesla","0","2","0","ChargePoint Network"
"308657","1","CENTER OF HOPE COH UNIT D","1201 Industrial St","Redding","CA","96002","dchau@ucdavis.edu","(-122.350444, 40.574073","1","0","1","0","Tesla","0","2","0","ChargePoint Network"
"308658","1","CENTER OF HOPE COH UNIT A","1201 Industrial St","Redding","CA","96002","dchau@ucdavis.edu","(-122.349756, 40.574026","1","0","1","0","Tesla","0","2","0","ChargePoint Network"
"308659","1","CENTER OF HOPE COH UNIT B","1201 Industrial St","Redding","CA","96002","dchau@ucdavis.edu","(-122.349905, 40.573711","1","0","1","0","Tesla","0","2","0","ChargePoint Network"
"309141","1","431501  eaves San Jose II","2500 Trade Zone Boulevard","San Jose","CA","95131","dchau@ucdavis.edu","(-121.883471, 37.402369","1","0","1","0","CCS","0","2","0","Blink Network"
"309261","1","431402  Avalon Sunset Towers","8 Locksley Ave","SF","CA","94122","jjbang@ucdavis.edu","(-122.4631573, 37.7584994","1","0","1","0","CCS","0","3","0","Blink Network"
"309400","1","431404 AVA 55 Ninth","55 9th Ave","SF","CA","94118","dchau@ucdavis.edu","(-122.4680816, 37.7866351","1","0","1","0","CCS","0","4","0","Blink Network"
"309468","1","Greenwich Street Properties","1275 Greenwich Street","San Francisco","CA","94109","jjbang@ucdavis.edu","(-122.4205045, 37.8007726","1","0","1","0","CCS","0","4","0","Blink Network"
"309536","1","City of Winters","318 First St","Winters","CA","95694","jjbang@ucdavis.edu","(-121.970478, 38.521447","1","0","0","0","CCS","0","2","1","Blink Network"
"310315","1","Sonesta San Jose","777 Bellew Drive","Milpitas","CA","95035","dchau@ucdavis.edu","(-121.919266, 37.422497","1","0","1","0","CCS","0","2","0","Blink Network"
"311231","1","Bel Air Plaza - Tesla Supercharger","4000 Bel Aire Plaza","Napa","CA","94558","dchau@ucdavis.edu","(-122.307478, 38.321792","1","1","1","0","Tesla","0","0","12","Tesla"
"311233","1","Vacaville Commons Shopping Center - Tesla Supercharger","2098  Harbison Dr","Vacaville","CA","95687","dchau@ucdavis.edu","(-121.963247, 38.362255","1","1","1","0","Tesla","0","0","12","Tesla"
"312147","1","10950 International","10950 International Blvd","Oakland","CA","94603","kcacastro@ucdavis.edu","(-122.16354, 37.73715","1","0","0","0","CCS","0","0","8","eVgo Network"
"312526","1","2860 16th St","2860 16th St","San Francisco","CA","94103","jjbang@ucdavis.edu","(-122.41673, 37.76549","1","0","0","0","CCS","0","0","8","eVgo Network"
"314458","1","Burger King - Tesla Supercharger","497 Sandalwood Dr","Calimesa","CA","92320","irereyes@ucdavis.edu","(-117.056032, 33.993121","1","1","1","0","Tesla","0","0","12","Tesla"
"315673","1","CCSF-SFMTA LOMBARD 1","2055 Lombard St","San Francisco","CA","94123","schakravarty@ucdavis.edu","(-122.435, 37.799704","1","0","1","0","CCS","0","2","0","ChargePoint Network"
"316645","1","Kaiser Milpitas","770 East Calaveras Boulevard","Milpitas","CA","95035","dchau@ucdavis.edu","(-121.8915696, 37.4327334","1","0","1","0","CCS","0","5","0","Blink Network"
"317007","1","EV PARKING CLK STATION 1","2908 El Camino Real","Santa Clara","CA","95051","dchau@ucdavis.edu","(-121.97906, 37.351643","1","0","1","0","CCS","0","2","0","ChargePoint Network"
"318171","1","Moulton Plaza - Tesla Supercharger","23701 Moulton Pkwy","Laguna Hills","CA","92653","irereyes@ucdavis.edu","(-117.7337, 33.618223","1","1","1","0","Tesla","0","0","16","Tesla"
"320332","1","303 SECOND ST. KILROY DCFC 3","303 2nd St","San Francisco","CA","94107","dchau@ucdavis.edu","(-122.396019, 37.785522","1","0","0","0","CCS","0","0","1","ChargePoint Network"
"321148","1","Browns Valley Marketplace - Tesla Supercharger","154 Browns Valley Pkwy","Vacaville","CA","95688","dchau@ucdavis.edu","(-121.967965, 38.365253","1","1","1","0","Tesla","0","0","12","Tesla"
"323265","1","Dixon Plaza - Tesla Supercharger","1285 Stratford Ave","Dixon","CA","95620","irereyes@ucdavis.edu","(-121.839914, 38.457887","1","1","1","0","Tesla","0","0","12","Tesla"
"324018","1","Menifee, CA - Scott Road - Tesla Supercharger","27701 Scott Rd","Menifee","CA","92584","irereyes@ucdavis.edu","(-117.175257, 33.640364","1","1","1","0","Tesla","0","0","16","Tesla"
"326211","1","H&S ENERGY PM CHEVRON1","333 Curtola Pkwy","Vallejo","CA","94590","jjbang@ucdavis.edu","(-122.253749, 38.096813","1","0","0","0","CCS","0","0","1","ChargePoint Network"
"326660","1","Chevron - Tesla Supercharger","7720  US-50","Pollock Pines","CA","95726","irereyes@ucdavis.edu","(-120.529795, 38.7597","1","1","1","0","Tesla","0","0","12","Tesla"
"331442","1","Redding School of the Arts","955 Inspiration Way","Redding","CA","96003","dchau@ucdavis.edu","(-122.323081, 40.595497","1","0","1","0","Tesla","0","1","0","Blink Network"
"331820","1","AM/PM - Tesla Supercharger","5025 Rhonda Rd","Anderson","CA","96007","dchau@ucdavis.edu","(-122.288766, 40.433622","1","1","1","0","Tesla","0","0","8","Tesla"
"332308","1","Prime Solum - Sema","1021 Atlas Peak Road","Napa","CA","94558","laulin@ucdavis.edu","(-122.262718, 38.33867589","1","0","1","0","CCS","0","2","0","Blink Network"
"332816","1","BW plus hilltop inn","2300 Hilltop Drive","Redding","CA","96002","dchau@ucdavis.edu","(-122.35947, 40.574152","1","0","1","0","Tesla","0","4","0","NOODOE"
"333635","1","WALNUT CREEK BROADWAY 13","1390N Broadway","Walnut Creek","CA","94596","laulin@ucdavis.edu","(-122.058794, 37.899189","1","0","1","0","CCS","0","1","0","ChargePoint Network"
"333733","1","Rolling Hills Casino","2655 Everett Freeman Way","Corning","CA","96021","dchau@ucdavis.edu","(-122.20262, 39.87444","1","0","1","0","Tesla","0","30","0","EVGATEWAY"
"333914","1","Red Bluff Union High School District","1260 Union St","Red Bluff","CA","96080","dchau@ucdavis.edu","(-122.25022, 40.17643","1","0","1","0","Tesla","0","1","0","EVGATEWAY"
"334272","1","PHC STATION 3","2525 Airpark Drive","Redding","CA","96001","dchau@ucdavis.edu","(-122.403334, 40.571559","1","0","1","0","Tesla","0","2","0","ChargePoint Network"
"334273","1","PHC STATION 1","2525 Airpark Drive","Redding","CA","96001","dchau@ucdavis.edu","(-122.404061, 40.572037","1","0","1","0","Tesla","0","2","0","ChargePoint Network"
"334274","1","PHC STATION 2","2525 Airpark Drive","Redding","CA","96001","dchau@ucdavis.edu","(-122.403302, 40.571641","1","0","1","0","Tesla","0","2","0","ChargePoint Network"
"334573","1","AMMAAR'S TOYOTA CT4000","500 Orange Dr","Vacaville","CA","95687","kcacastro@ucdavis.edu","(-121.950382, 38.373513","1","0","1","0","CCS","0","2","0","ChargePoint Network"
"346555","1","DX DX-1305 STARTFO","1305 Stratford Ave","Dixon","CA","95620","laulin@ucdavis.edu","(-121.84013, 38.457353","1","0","1","0","CCS","0","2","0","ChargePoint Network"
"346662","1","Vallejo South Community Center","545 Magazine Street","Vallejo","CA","94590","laulin@ucdavis.edu","(-122.2386346, 38.081745","1","0","1","0","Tesla","0","8","0","EVCS"
"347087","1","Weed, CA - Tesla Supercharger","44 S Weed Blvd","Weed","CA","96094","dchau@ucdavis.edu","(-122.384685, 41.421752","1","1","1","0","Tesla","0","0","16","Tesla"
"347740","1","SOCO CHARGING CONFERENCE ROOM","727 Central Ave","Napa","CA","94558","schakravarty@ucdavis.edu","(-122.286571, 38.313094","1","0","1","0","CCS","0","2","0","ChargePoint Network"
"347741","1","SOCO CHARGING FRONT OFFICE","727 Central Ave","Napa","CA","94558","laulin@ucdavis.edu","(-122.286491, 38.313295","1","0","1","0","CCS","0","2","0","ChargePoint Network"
"348050","1","VACAVILLE TS - SENIOR CTR","1 Town Square Pl","Vacaville","CA","95688","irereyes@ucdavis.edu","(-121.987251, 38.357428","1","0","1","0","CCS","0","2","0","ChargePoint Network"
"350087","1","Fairfield, CA - Waterman Boulevard - Tesla Supercharger","2401 Waterman Blvd","Fairfield","CA","94534","irereyes@ucdavis.edu","(-122.052808, 38.272952","1","1","1","0","Tesla","0","0","12","Tesla"
"350220","1","PARK AND RIDE P&R AQUATICS","100 Benton Way","American Canyon","CA","94503","dchau@ucdavis.edu","(-122.265313, 38.170557","1","0","1","0","Tesla","0","2","0","ChargePoint Network"
"350429","1","COF-PUBLIC USE TRAIN STATION 1","4921 Vanden Rd","Fairfield","CA","94533","irereyes@ucdavis.edu","(-121.969026, 38.286698","1","0","1","0","CCS","0","2","0","ChargePoint Network"
"352153","1","OAKLEY CIVIC C1 DOWNTOWN 3","3100 Main St","Oakley","CA","94561","schakravarty@ucdavis.edu","(-121.71653, 37.998672","1","0","1","0","CCS","0","2","0","ChargePoint Network"
"352207","1","OAKLEY CIVIC C1 DOWNTOWN 5","3350 Main Street","Oakley","CA","94561","kcacastro@ucdavis.edu","(-121.716305, 37.998544","1","0","1","0","CCS","0","1","0","ChargePoint Network"
"352666","1","NVTA IMOLA P&R 1","954 Golden Gate Dr","Napa","CA","94558","nibarron@ucdavis.edu","(-122.301306, 38.28113","1","0","1","0","CCS","0","2","0","ChargePoint Network"
"352723","1","PARK N RIDE LOT ARC EV CH#1","701 Civic Center Blvd","Suisun City","CA","94585","schakravarty@ucdavis.edu","(-122.036811, 38.237997","1","0","1","0","CCS","0","2","0","ChargePoint Network"
"353470","1","GVW STATION GVW","5140 Business Center Drive","Fairfield","CA","94534","dchau@ucdavis.edu","(-122.145639, 38.216465","1","0","1","0","Tesla","0","2","0","ChargePoint Network"
"353472","1","GVW STATION GVW2","5140 Business Center Drive","Fairfield","CA","94534","kcacastro@ucdavis.edu","(-122.145991, 38.21655","1","0","1","0","CCS","0","2","0","ChargePoint Network"
"353530","1","GVEC STATION GVEC","5030 Business Center Dr","Fairfield","CA","94534","dchau@ucdavis.edu","(-122.143509, 38.217959","1","0","1","0","Tesla","0","1","0","ChargePoint Network"
"353896","1","SM 2 SM 1","131 E 28th Ave","San Mateo","CA","94403","dchau@ucdavis.edu","(-122.29998, 37.544061","1","0","1","0","CCS","0","2","0","ChargePoint Network"
"357770","1","HOTEL LOT1 COYOTE VALLEY 1","101 BIA Rd 228","Redwood Valley","CA","95470","irereyes@ucdavis.edu","(-123.211673, 39.254995","1","0","1","0","CCS","0","2","0","ChargePoint Network"
"358286","1","Safeway - Tesla Supercharger","122 Robles Way","Vallejo","CA","94591","laulin@ucdavis.edu","(-122.211269, 38.084499","1","1","1","0","Tesla","0","0","8","Tesla"
"358639","1","Colusa Casino Resort - Tesla Destination","3730 CA-45","Colusa","CA","95932","dchau@ucdavis.edu","(-122.031327, 39.252235","1","1","1","0","Tesla","0","10","0","Tesla Destination"
"359501","1","Hilton Garden Inn Temecula - Tesla Destination","28210 Jefferson Ave","Temecula","CA","92590","irereyes@ucdavis.edu","(-117.154357, 33.502094","1","1","1","0","Tesla","0","6","0","Tesla Destination"
"359595","1","Multi-Fresh Produce Inc - Tesla Destination","16826 Edwards Rd","Cerritos","CA","90703","irereyes@ucdavis.edu","(-118.033845, 33.878023","1","1","1","0","Tesla","0","1","0","Tesla Destination"
"360296","1","Town Center at the Preserve - Tesla Supercharger","16287 Main St","Chino","CA","91708","irereyes@ucdavis.edu","(-117.623658, 33.957375","1","1","1","0","Tesla","0","0","20","Tesla"
"360891","1","CHURN CREEK CHURN CREEK-1","3110 Churn Creek Road","Redding","CA","96002","dchau@ucdavis.edu","(-122.35378, 40.56221","1","0","1","0","Tesla","0","2","0","ChargePoint Network"
"100150221","1","Belle Mill Landing - Tesla Supercharger","82 Belle Mill Road","Red Bluff","CA","96080","dchau@ucdavis.edu","(-122.22754, 40.182245","1","1","1","0","Tesla","0","0","8","Tesla"
"100190504","1","Yreka, CA - Tesla Supercharger","1808 Fort Jones Road","Yreka","CA","96097","dchau@ucdavis.edu","(-122.645088, 41.701531","1","1","1","0","Tesla","0","0","12","Tesla"
"100207276","1","Morada Ranch - Tesla Supercharger","4255  East Morada Lane","Stockton","CA","95212","dchau@ucdavis.edu","(-121.261056, 38.038927","1","1","1","0","Tesla","0","0","12","Tesla"
"100217096","1","Holiday Market - Tesla Supercharger","20635  Gas Point Road","Cottonwood","CA","96022","dchau@ucdavis.edu","(-122.288043, 40.389124","1","1","1","0","Tesla","0","0","12","Tesla"
"100237624","1","Laguna Promenade - Tesla Supercharger","7119  Elk Grove Boulevard","Elk Grove","CA","95758","dchau@ucdavis.edu","(-121.418091, 38.409915","1","1","1","0","Tesla","0","0","12","Tesla"
"100237656","1","Burger King - Tesla Supercharger","30038 Road 8","Dunnigan","CA","95937","dchau@ucdavis.edu","(-121.951531, 38.862885","1","1","1","0","Tesla","0","0","8","Tesla"
"100256050","1","Woodcreek Plaza - Tesla Supercharger","3001  Travis Boulevard","Fairfield","CA","94534","dchau@ucdavis.edu","(-122.065423, 38.257563","1","1","1","0","Tesla","0","0","12","Tesla"
"100311233","1","Vacaville Commons Shopping Center - Tesla Supercharger","2098  Harbison Dr","Vacaville","CA","95687","irereyes@ucdavis.edu","(-121.963247, 38.362255","1","1","1","0","Tesla","0","0","12","Tesla"
"100321148","1","Browns Valley Marketplace - Tesla Supercharger","154 Browns Valley Pkwy","Vacaville","CA","95688","irereyes@ucdavis.edu","(-121.967965, 38.365253","1","1","1","0","Tesla","0","0","12","Tesla"
"100323265","1","Dixon Plaza - Tesla Supercharger","1285 Stratford Ave","Dixon","CA","95620","dchau@ucdavis.edu","(-121.839914, 38.457887","1","1","1","0","Tesla","0","0","12","Tesla"
"100331820","1","AM/PM - Tesla Supercharger","5025 Rhonda Rd","Anderson","CA","96007","dchau@ucdavis.edu","(-122.288766, 40.433622","1","1","1","0","Tesla","0","0","8","Tesla"
"100347087","1","Weed, CA - Tesla Supercharger","44 S Weed Blvd","Weed","CA","96094","dchau@ucdavis.edu","(-122.384685, 41.421752","1","1","1","0","Tesla","0","0","16","Tesla"
"100350087","1","Fairfield, CA - Waterman Boulevard - Tesla Supercharger","2401 Waterman Blvd","Fairfield","CA","94534","irereyes@ucdavis.edu","(-122.052808, 38.272952","1","1","1","0","Tesla","0","0","12","Tesla"
"100352632","1","Capistrano Plaza - Tesla Supercharger","26701 Verdugo St","San Juan Capistrano","CA","92675","irereyes@ucdavis.edu","(-117.664175, 33.503524","1","1","1","0","Tesla","0","0","12","Tesla"